Variant name,Chromosome,Chromosome position,Variant consequence,Allele consequence ,Clinical significance,PolyPhen prediction,PolyPhen score,SIFT prediction,SIFT score
rs10751776,1,24970252,,,,,,,
rs10919543,1,161538827,,,,,,,
rs11120029,1,212796238,intron_variant,G/T,,,,,
rs11580078,1,67203951,intron_variant,C/A,,,,,
rs11580078,1,67203951,intron_variant,C/G,,,,,
rs11580078,1,67203951,intron_variant,C/T,,,,,
rs12128789,1,212679490,,,,,,,
rs12742756,1,37881745,intron_variant,A/G,,,,,
rs1493696,1,119962909,intron_variant,G/A,,,,,
rs17407280,1,20693912,intron_variant,C/T,,,,,
rs1983853,1,84845509,intron_variant,C/T,,,,,
rs2066363,1,81771892,,,,,,,
rs2153977,1,113537449,intron_variant,C/A,,,,,
rs2153977,1,113537449,intron_variant,C/G,,,,,
rs2153977,1,113537449,intron_variant,C/T,,,,,
rs2229238,1,154465420,3_prime_UTR_variant,T/A,,,,,
rs2229238,1,154465420,3_prime_UTR_variant,T/C,,,,,
rs2269241,1,63643100,intron_variant,T/C,,,,,
rs2269247,1,63641613,intron_variant,C/G,,,,,
rs2269247,1,63641613,intron_variant,C/T,,,,,
rs2358994,1,113886839,intron_variant,G/A,,,,,
rs2476601,1,113834946,,,"benign,risk factor",,,,
rs2641348,1,119895261,missense_variant,A/G,,benign,0,tolerated,0.32
rs2816313,1,192570207,,,,,,,
rs28600853,1,2863195,,,,,,,
rs3024505,1,206766559,,,,,,,
rs34090353,1,92358141,intron_variant,G/A,,,,,
rs34090353,1,92358141,intron_variant,G/C,,,,,
rs34884278,1,172869708,,,,,,,
rs55705316,1,206760172,,,,,,,
rs570794153,1,198629260,,,,,,,
rs574384,1,35622060,intron_variant,C/A,,,,,
rs574384,1,35622060,intron_variant,C/G,,,,,
rs574384,1,35622060,intron_variant,C/T,,,,,
rs6679677,1,113761186,,,,,,,
rs6689858,1,197406337,intron_variant,T/C,,,,,
rs6691977,1,200845831,intron_variant,T/A,,,,,
rs6691977,1,200845831,intron_variant,T/C,,,,,
rs6691977,1,200845831,intron_variant,T/G,,,,,
rs7524087,1,212470318,,,,,,,
rs78037977,1,172746562,,,,,,,
rs855330,1,63648218,intron_variant,T/C,benign,,,,
rs857786,1,158815304,,,,,,,
rs10169963,2,12512805,,,,,,,
rs10933559,2,241468331,synonymous_variant,A/G,,,,,
rs114846446,2,2944140,,,,,,,
rs11888640,2,43579243,intron_variant,C/G,,,,,
rs11888640,2,43579243,intron_variant,C/T,,,,,
rs12464462,2,60409281,,,,,,,
rs12712067,2,100147438,,,,,,,
rs13018977,2,241338592,intron_variant,T/A,,,,,
rs13415583,2,100147625,,,,,,,
rs1534422,2,12500615,,,,,,,
rs1881146,2,12494668,,,,,,,
rs192324744,2,141543366,intron_variant,T/A,,,,,
rs192324744,2,141543366,intron_variant,T/G,,,,,
rs1990760,2,162267541,missense_variant,C/T,benign,benign,0.021,tolerated,0.76
rs2075184,2,102464132,,,,,,,
rs2111485,2,162254026,,,,,,,
rs2165738,2,24469940,,,,,,,
rs3087243,2,203874196,,,"benign,risk factor,protective",,,,
rs35667974,2,162268127,missense_variant,T/C,"benign,likely benign",possibly damaging,0.859,tolerated,0.09
rs36001488,2,233276621,intron_variant,C/T,,,,,
rs4676410,2,240624322,,,,,,,
rs478222,2,25078886,intron_variant,A/C,,,,,
rs478222,2,25078886,intron_variant,A/G,,,,,
rs478222,2,25078886,intron_variant,A/T,,,,,
rs4849135,2,110857502,intron_variant,T/C,,,,,
rs4849135,2,110857502,intron_variant,T/G,,,,,
rs60587303,2,168190122,intron_variant,T/C,,,,,
rs6547853,2,28423934,,,,,,,
rs72871627,2,162280432,intron_variant,A/G,,,,,
rs7567242,2,60326008,,,,,,,
rs7582694,2,191105394,intron_variant,C/G,,,,,
rs77155259,2,161647730,intron_variant,G/A,,,,,
rs9653442,2,100208905,,,,,,,
rs111821448,3,111874722,intron_variant,C/T,,,,,
rs113010081,3,46415921,,,,,,,
rs11705721,3,58414687,intron_variant,T/C,,,,,
rs3864055,3,5093886,,,,,,,
rs4625,3,49534707,3_prime_UTR_variant,A/G,not provided,,,,
rs10517086,4,26083889,,,,,,,
rs113881148,4,973543,5_prime_UTR_variant,C/A,,,,,
rs11725853,4,174721548,intron_variant,G/A,,,,,
rs11725853,4,174721548,intron_variant,G/C,,,,,
rs12644686,4,184381748,,,,,,,
rs12644905,4,184755529,,,,,,,
rs13147255,4,124578751,,,,,,,
rs139881548,4,46372280,intron_variant,C/T,,,,,
rs17388568,4,122408207,intron_variant,G/A,,,,,
rs2069762,4,122456825,,,,,,,
rs2611215,4,165653115,,,,,,,
rs337637,4,38602849,,,,,,,
rs34740712,4,165916328,intron_variant,T/C,,,,,
rs4505848,4,122211337,intron_variant,A/G,,,,,
rs56337234,4,1782676,,,,,,,
rs62324212,4,122639784,,,,,,,
rs6534347,4,122277280,intron_variant,A/G,,,,,
rs75793288,4,122322441,intron_variant,G/A,,,,,
rs75793288,4,122322441,intron_variant,G/C,,,,,
rs7660520,4,182824168,,,,,,,
rs7672495,4,4990640,,,,,,,
rs7679475,4,121392885,,,,,,,
rs10213692,5,56146422,intron_variant,T/C,,,,,
rs114378220,5,111230662,intron_variant,C/T,,,,,
rs11741255,5,132475490,,,,,,,
rs11954020,5,35883149,,,,,,,
rs1445898,5,35910427,missense_variant,C/A,,benign,0.03,tolerated,0.15
rs1445898,5,35910427,missense_variant,C/T,,benign,0.001,tolerated,0.67
rs17166496,5,133293192,intron_variant,G/C,,,,,
rs1876142,5,40521603,,,,,,,
rs4513644,5,57837318,,,,,,,
rs4869313,5,96888176,intron_variant,T/A,,,,,
rs4869313,5,96888176,intron_variant,T/C,,,,,
rs4869313,5,96888176,intron_variant,T/G,,,,,
rs6897932,5,35874473,missense_variant,C/A,benign,possibly damaging,0.751,deleterious,0.02
rs6897932,5,35874473,missense_variant,C/T,benign,benign,0.018,tolerated,0.72
rs755374,5,159402286,,,,,,,
rs7725052,5,40487168,,,,,,,
rs7731626,5,56148856,intron_variant,G/A,,,,,
rs7731626,5,56148856,intron_variant,G/C,,,,,
rs1770,6,32660056,3_prime_UTR_variant,A/G,,,,,
rs212408,6,159049210,,,,,,,
rs241427,6,32836637,intron_variant,A/G,,,,,
rs241427,6,32836637,intron_variant,A/T,,,,,
rs1265057,6,31110838,,,,,,,
rs2471863,6,29931850,,,,,,,
rs1015166,6,32830954,intron_variant,C/G,,,,,
rs1015166,6,32830954,intron_variant,C/T,,,,,
rs1050979,6,410417,3_prime_UTR_variant,A/C,,,,,
rs1050979,6,410417,3_prime_UTR_variant,A/G,,,,,
rs2251396,6,31396930,,,,,,,
rs2523989,6,30110498,missense_variant,C/T,,benign,0.006,tolerated,0.63
rs2647044,6,32700133,,,,,,,
rs1538171,6,126431738,,,,,,,
rs1578060,6,126391101,,,,,,,
rs2857595,6,31600692,,,,,,,
rs1270942,6,31951083,intron_variant,A/G,benign,,,,
rs1980493,6,32395438,intron_variant,T/C,,,,,
rs11755527,6,90248512,intron_variant,C/G,,,,,
rs12203596,6,17120009,intron_variant,A/C,,,,,
rs12203596,6,17120009,intron_variant,A/T,,,,,
rs12665429,6,137682468,,,,,,,
rs17711850,6,90155151,intron_variant,T/C,,,,,
rs116020851,6,30954755,,,,,,,
rs116763857,6,31173705,,,,,,,
rs114631266,6,29058810,,,,,,,
rs138748427,6,32516743,,,,,,,
rs886424,6,30814225,,,,,,,
rs3134938,6,32238711,,,,,,,
rs3135365,6,32421478,,,,,,,
rs924043,6,170063801,,,,,,,
rs926592,6,32337881,intron_variant,C/A,,,,,
rs3757247,6,90247744,intron_variant,C/G,,,,,
rs3757247,6,90247744,intron_variant,C/T,,,,,
rs4320356,6,26423332,,,,,,,
rs3997848,6,32714617,,,,,,,
rs4148870,6,32838614,intron_variant,C/G,,,,,
rs4148870,6,32838614,intron_variant,C/T,,,,,
rs9264758,6,31280657,,,,,,,
rs7760731,6,32615624,,,,,,,
rs3093664,6,31576865,intron_variant,A/G,,,,,
rs3128930,6,33107889,,,,,,,
rs35122968,6,32714422,,,,,,,
rs34941730,6,29946109,,,,,,,
rs45626136,6,30345252,intron_variant,C/A,,,,,
rs45626136,6,30345252,intron_variant,C/T,,,,,
rs73043122,6,166969779,,,,,,,
rs72928038,6,90267049,intron_variant,G/A,,,,,
rs78824139,6,64748694,intron_variant,C/T,,,,,
rs9268576,6,32427864,,,,,,,
rs9268645,6,32440750,intron_variant,C/G,,,,,
rs9268645,6,32440750,intron_variant,C/T,,,,,
rs9268853,6,32461866,,,,,,,
rs9275358,6,32700118,,,,,,,
rs9356171,6,163922743,,,,,,,
rs9272346,6,32636595,,,,,,,
rs9273363,6,32658495,,,,,,,
rs9273367,6,32658661,,,,,,,
rs9273368,6,32658698,,,,,,,
rs9405661,6,424915,,,,,,,
rs9388489,6,126377573,,,,,,,
rs9501130,6,31449679,,,,,,,
rs10245867,7,28102567,intron_variant,G/A,,,,,
rs10245867,7,28102567,intron_variant,G/C,,,,,
rs10245867,7,28102567,intron_variant,G/T,,,,,
rs10255565,7,43408191,intron_variant,T/C,,,,,
rs10258381,7,10057028,,,,,,,
rs10277986,7,50961290,,,,,,,
rs17143056,7,20557306,,,,,,,
rs3757787,7,127618330,,,,,,,
rs4263714,7,50955790,,,,,,,
rs4948088,7,50959497,,,,,,,
rs550448,7,28189423,,,,,,,
rs62447205,7,50398132,intron_variant,A/G,,,,,
rs6461299,7,17147155,,,,,,,
rs7795896,7,117446559,,,,,,,
rs7804356,7,26852046,intron_variant,T/C,,,,,
rs7805218,7,20339178,intron_variant,G/A,,,,,
rs12679857,8,118965098,,,,,,,
rs13259300,8,119070702,intron_variant,A/C,,,,,
rs13259300,8,119070702,intron_variant,A/G,,,,,
rs13259300,8,119070702,intron_variant,A/T,,,,,
rs1947178,8,58959618,intron_variant,A/G,,,,,
rs2250903,8,11877675,,,,,,,
rs2410601,8,19065067,,,,,,,
rs35766765,8,132775726,intron_variant,C/G,,,,,
rs3802214,8,140606084,intron_variant,T/A,,,,,
rs3802214,8,140606084,intron_variant,T/C,,,,,
rs3802214,8,140606084,intron_variant,T/G,,,,,
rs7831697,8,137124061,,,,,,,
rs10758593,9,4292083,intron_variant,G/A,,,,,
rs10811662,9,22134254,,,,,,,
rs10961433,9,14228472,intron_variant,G/A,,,,,
rs10974438,9,4291928,intron_variant,A/C,,,,,
rs10988542,9,129894985,intron_variant,G/A,,,,,
rs10988542,9,129894985,intron_variant,G/C,,,,,
rs11145763,9,136369144,intron_variant,A/C,,,,,
rs11145763,9,136369144,intron_variant,A/G,,,,,
rs11145763,9,136369144,intron_variant,A/T,,,,,
rs1405209,9,99823263,intron_variant,T/C,,,,,
rs36051895,9,4981866,,,,,,,
rs4246905,9,114790969,intron_variant,T/A,,,,,
rs4246905,9,114790969,intron_variant,T/C,,,,,
rs4837404,9,129743380,intron_variant,G/A,,,,,
rs541856133,9,133060938,,,,,,,
rs6476839,9,4290823,intron_variant,A/C,,,,,
rs6476839,9,4290823,intron_variant,A/T,,,,,
rs7020673,9,4291747,intron_variant,C/A,,,,,
rs7020673,9,4291747,intron_variant,C/G,,,,,
rs7020673,9,4291747,intron_variant,C/T,,,,,
rs7042370,9,12785074,intron_variant,T/C,,,,,
rs74629033,9,5421234,intron_variant,G/A,,,,,
rs7871386,9,23166744,,,,,,,
rs10509540,10,88263276,,,,,,,
rs10786436,10,98540425,intron_variant,C/T,,,,,
rs10788599,10,88428167,intron_variant,G/A,,,,,
rs10788599,10,88428167,intron_variant,G/T,,,,,
rs10795791,10,6066377,,,,,,,
rs10822050,10,62679011,,,,,,,
rs11258747,10,6430929,missense_variant,G/C,,probably damaging,0.981,deleterious,0
rs11258747,10,6430929,synonymous_variant,G/T,,,,,
rs113306148,10,122400322,intron_variant,C/A,,,,,
rs113306148,10,122400322,intron_variant,C/T,,,,,
rs12251307,10,6081532,,,,,,,
rs12416116,10,88275897,,,,,,,
rs1250563,10,79287626,intron_variant,G/C,,,,,
rs12722495,10,6055320,intron_variant,T/C,,,,,
rs1332099,10,99538694,,,,,,,
rs1983890,10,6136651,,,,,,,
rs3802604,10,8060309,intron_variant,G/A,,,,,
rs3802604,10,8060309,intron_variant,G/T,,,,,
rs41295121,10,6087680,,,,,,,
rs537544,10,8066419,intron_variant,C/T,,,,,
rs61839660,10,6052734,intron_variant,C/T,,,,,
rs706778,10,6056986,intron_variant,C/T,,,,,
rs706779,10,6056861,intron_variant,T/C,,,,,
rs7100025,10,37303610,,,,,,,
rs722988,10,33137219,,,,,,,
rs78325861,10,70618733,,,,,,,
rs7903146,10,112998590,intron_variant,C/G,risk factor,,,,
rs7903146,10,112998590,intron_variant,C/T,risk factor,,,,
rs947474,10,6348488,,,,,,,
rs1004446,11,2148913,,,,,,,
rs10831551,11,2217058,,,,,,,
rs11033048,11,35267496,intron_variant,C/G,,,,,
rs11033048,11,35267496,intron_variant,C/T,,,,,
rs140215710,11,2881830,,,,,,,
rs17885785,11,2146620,,,,,,,
rs2237897,11,2837316,intron_variant,C/T,,,,,
rs3741208,11,2148544,,,,,,,
rs3842727,11,2163618,,,,,,,
rs3842753,11,2159830,3_prime_UTR_variant,T/A,benign,,,,
rs3842753,11,2159830,3_prime_UTR_variant,T/G,benign,,,,
rs4084127,11,69781755,,,,,,,
rs4366464,11,2143569,,,,,,,
rs4929965,11,2176056,,,,,,,
rs5790666,11,27778324,,,,,,,
rs605093,11,128734337,intron_variant,G/T,,,,,
rs607703,11,128734279,intron_variant,C/A,,,,,
rs607703,11,128734279,intron_variant,C/T,,,,,
rs645078,11,64367826,intron_variant,A/C,,,,,
rs689,11,2160994,splice_region_variant,A/G,benign,,,,
rs689,11,2160994,intron_variant,A/G,benign,,,,
rs689,11,2160994,splice_polypyrimidine_tract_variant,A/G,benign,,,,
rs689,11,2160994,splice_region_variant,A/T,benign,,,,
rs689,11,2160994,intron_variant,A/T,benign,,,,
rs689,11,2160994,splice_polypyrimidine_tract_variant,A/T,benign,,,,
rs7111341,11,2191936,,,,,,,
rs72853903,11,2177435,,,,,,,
rs78896587,11,2055620,,,,,,,
rs7936434,11,76582761,,,,,,,
rs79538630,11,60961822,,,,,,,
rs968567,11,61828092,,,,,,,
rs10876866,12,56051582,,,,,,,
rs11052552,12,9703362,,,,,,,
rs11170445,12,53151908,,,,,,,
rs11171739,12,56076841,,,,,,,
rs1265564,12,111270654,intron_variant,A/C,,,,,
rs1689510,12,56002984,intron_variant,G/C,,,,,
rs1701704,12,56018703,,,,,,,
rs17466626,12,40366829,intron_variant,A/G,likely benign,,,,
rs17696736,12,112049014,intron_variant,A/G,,,,,
rs1805731,12,8942630,intron_variant,T/C,,,,,
rs2292239,12,56088396,intron_variant,T/G,benign,,,,
rs3184504,12,111446804,missense_variant,T/A,benign,benign,0,tolerated,1
rs3184504,12,111446804,missense_variant,T/C,benign,benign,0,tolerated,1
rs3184504,12,111446804,missense_variant,T/G,benign,benign,0,deleterious,0
rs3764021,12,9681032,synonymous_variant,C/T,,,,,
rs3764021,12,9681032,splice_region_variant,C/T,,,,,
rs4763879,12,9757568,intron_variant,G/A,,,,,
rs653178,12,111569952,intron_variant,C/G,,,,,
rs653178,12,111569952,intron_variant,C/T,,,,,
rs705699,12,55991020,intron_variant,G/A,,,,,
rs705705,12,56041720,,,,,,,
rs7301381,12,8971336,,,,,,,
rs7313065,12,53077434,intron_variant,C/A,,,,,
rs917911,12,9753255,3_prime_UTR_variant,A/C,,,,,
rs917911,12,9753255,3_prime_UTR_variant,A/T,,,,,
rs11839053,13,106410694,,,,,,,
rs238265,13,42356523,,,,,,,
rs539514,13,75752146,intron_variant,A/C,,,,,
rs539514,13,75752146,intron_variant,A/G,,,,,
rs539514,13,75752146,intron_variant,A/T,,,,,
rs74537115,13,42343795,,,,,,,
rs9585056,13,99429512,,,,,,,
rs10137082,14,23370824,,,,,,,
rs1456988,14,98021670,,,,,,,
rs1465788,14,68796882,,,,,,,
rs4900384,14,98032614,,,,,,,
rs55846421,14,49843683,intron_variant,T/C,,,,,
rs56994090,14,100840110,,,,,,,
rs911263,14,68286876,intron_variant,C/A,,,,,
rs911263,14,68286876,intron_variant,C/T,,,,,
rs941576,14,100839708,,,,,,,
rs34593439,15,78942615,intron_variant,G/A,,,,,
rs34593439,15,78942615,intron_variant,G/C,,,,,
rs3825932,15,78943104,intron_variant,T/C,,,,,
rs7167984,15,93288838,,,,,,,
rs7171171,15,38614840,,,,,,,
rs72727394,15,38554821,intron_variant,C/T,,,,,
rs72743477,15,67171953,intron_variant,A/G,,,,,
rs8035957,15,38546063,intron_variant,T/A,,,,,
rs8035957,15,38546063,intron_variant,T/C,,,,,
rs1110458,16,22969144,,,,,,,
rs113935429,16,53788258,intron_variant,TTTTTTT/TTTTT,,,,,
rs113935429,16,53788258,intron_variant,TTTTTTT/TTTTTT,,,,,
rs117372389,16,50634166,3_prime_UTR_variant,G/T,,,,,
rs12444268,16,20331250,,,,,,,
rs12598357,16,28329624,,,,,,,
rs12708716,16,11086016,intron_variant,A/G,,,,,
rs12927355,16,11100914,intron_variant,C/A,,,,,
rs12927355,16,11100914,intron_variant,C/T,,,,,
rs12928404,16,28835925,splice_region_variant,T/C,,,,,
rs12928404,16,28835925,intron_variant,T/C,,,,,
rs12928404,16,28835925,splice_polypyrimidine_tract_variant,T/C,,,,,
rs151234,16,28494339,,,,,,,
rs193778,16,11257354,,,,,,,
rs2903692,16,11144926,intron_variant,G/A,,,,,
rs416603,16,11270222,,,,,,,
rs4238595,16,20331769,,,,,,,
rs4788084,16,28528527,,,,,,,
rs7202877,16,75213347,,,,,,,
rs72802342,16,75200974,,,,,,,
rs77150043,16,50270338,intron_variant,C/T,,,,,
rs8046043,16,80250127,,,,,,,
rs8056814,16,75218429,,,,,,,
rs9934817,16,6086218,intron_variant,A/G,,,,,
rs9934817,16,6086218,intron_variant,A/T,,,,,
rs1052553,17,45996523,synonymous_variant,A/G,benign,,,,
rs11651753,17,47951723,,,,,,,
rs12232497,17,39883866,,,,,,,
rs12453507,17,39896954,,,,,,,
rs16956936,17,7730374,intron_variant,C/A,,,,,
rs16956936,17,7730374,intron_variant,C/T,,,,,
rs2290400,17,39909987,intron_variant,T/C,,,,,
rs2597169,17,47956725,intron_variant,A/C,,,,,
rs2597169,17,47956725,intron_variant,A/G,,,,,
rs2597169,17,47956725,intron_variant,A/T,,,,,
rs2872507,17,39884510,,,,,,,
rs2941522,17,39754115,,,,,,,
rs56380902,17,39910119,intron_variant,T/A,,,,,
rs56380902,17,39910119,intron_variant,T/C,,,,,
rs57209021,17,68168777,,,,,,,
rs61759532,17,7337072,intron_variant,C/A,,,,,
rs61759532,17,7337072,intron_variant,C/T,,,,,
rs7221109,17,40614034,,,,,,,
rs757411,17,40618898,,,,,,,
rs12971201,18,12830539,intron_variant,G/A,,,,,
rs1615504,18,69859408,3_prime_UTR_variant,T/C,,,,,
rs1893217,18,12809341,intron_variant,A/G,,,,,
rs2542151,18,12779948,,,,,,,
rs2847278,18,12778716,,,,,,,
rs763361,18,69864406,missense_variant,T/A,,benign,0.071,tolerated,0.06
rs763361,18,69864406,missense_variant,T/C,,benign,0.001,tolerated,0.4
rs763361,18,69864406,missense_variant,T/G,,benign,0.003,tolerated,0.52
rs12720356,19,10359299,missense_variant,A/C,benign,probably damaging,0.968,deleterious,0.04
rs12720356,19,10359299,missense_variant,A/G,benign,probably damaging,0.939,deleterious,0.01
rs2304256,19,10364976,missense_variant,C/A,benign,benign,0.021,deleterious,0.05
rs34536443,19,10352442,missense_variant,G/C,"benign,likely benign",probably damaging,0.973,deleterious,0
rs402072,19,46715865,intron_variant,T/C,,,,,
rs425105,19,46705224,intron_variant,T/C,,,,,
rs516246,19,48702915,intron_variant,C/T,,,,,
rs602662,19,48703728,missense_variant,G/A,confers sensitivity,probably damaging,0.982,tolerated,0.07
rs62131887,19,10476920,,,,,,,
rs2281808,20,1629905,intron_variant,T/A,benign,,,,
rs2281808,20,1629905,intron_variant,T/C,benign,,,,
rs2281808,20,1629905,intron_variant,T/G,benign,,,,
rs2738774,20,63637985,,,,,,,
rs6043409,20,1635560,missense_variant,A/G,,benign,0,tolerated,1
rs6043409,20,1635560,missense_variant,A/T,,benign,0.003,tolerated,0.11
rs11203202,21,42405248,intron_variant,C/G,,,,,
rs11203202,21,42405248,intron_variant,C/T,,,,,
rs11203203,21,42416077,intron_variant,G/A,,,,,
rs2128344,21,20724226,,,,,,,
rs2836882,21,39094644,,,,,,,
rs3788013,21,42421219,intron_variant,C/A,,,,,
rs56178904,21,44204668,,,,,,,
rs6518350,21,44201934,,,,,,,
rs74203920,21,44294411,missense_variant,C/A,"benign,likely benign",benign,0.199,deleterious,0.04
rs74203920,21,44294411,missense_variant,C/T,"benign,likely benign",possibly damaging,0.649,deleterious,0.04
rs9976767,21,42416281,intron_variant,A/G,,,,,
rs178050,22,20814301,intron_variant,G/A,,,,,
rs178050,22,20814301,intron_variant,G/T,,,,,
rs229533,22,37191071,,,,,,,
rs229541,22,37195278,,,,,,,
rs428595,22,21662102,,,,,,,
rs4820830,22,30135102,intron_variant,C/G,,,,,
rs4820830,22,30135102,intron_variant,C/T,,,,,
rs5753037,22,30185733,,,,,,,
rs743777,22,37155567,,,,,,,
